draft_year,prospect,position,archetype,rating,offensive_rating,defensive_rating,consensus_rank,rank_in_year
2026,Cameron Boozer,PF,Forward,100,100,73.4,2.3,1
2026,Caleb Wilson,C,Big,92.9,91.7,82.7,4,2
2026,Aday Mara,C,Big,90.4,70.5,97.2,17.8,3
2026,Kingston Flemings,PG,Guard,88.9,93.8,63.9,6,4
2026,Ebuka Okorie,PG,Guard,87.2,98.2,21.8,37,5
2026,Tyler Tanner,PG,Guard,86.8,90.5,64.1,26.3,6
2026,Hannes Steinbach,C,Big,85.5,86.1,68.2,12.5,7
2026,AJ Dybantsa,SF,Wing,83.1,96,27.4,1.5,8
2026,Yaxel Lendeborg,PF,Forward,79.5,68.2,82.2,12,9
2026,Flory Bidunga,C,Big,77.9,62.2,91.1,45.7,10
2026,Darryn Peterson,SG,Wing,76.3,90.8,43.9,2,11
2026,Darius Acuff Jr.,PG,Guard,74.9,96.8,6.8,9.5,12
2026,Keaton Wagler,SG,Wing,73.3,93.5,25,7,13
2026,Zuby Ejiofor,C,Big,70.6,58.6,83.9,42.3,14
2026,Labaron Philon,PG,Guard,68.7,91,18.3,10.5,15
2026,Christian Anderson,PG,Guard,68.4,86.9,33.3,19.5,16
2026,Tarris Reed Jr.,C,Big,67.6,48.3,88.7,41.3,17
2026,Bennett Stirtz,PG,Guard,63.5,71.5,43.4,19.3,18
2026,Ugonna Onyenso,C,Big,63.3,33.2,95.1,,19
2026,Brayden Burries,SG,Wing,62.1,62.5,61.1,17.7,20
2026,Henri Veesaar,PF,Forward,61.5,55.9,66.5,34.7,21
2026,Bruce Thornton,SG,Wing,61,70.5,37.2,56.7,22
2026,Cameron Carr,SG,Wing,60.1,58.7,61.9,17.8,23
2026,Milan Momcilovic,SF,Wing,58.5,66,42,43.3,24
2026,Nate Ament,SF,Wing,58.4,59,59.5,11.7,25
2026,Dailyn Swain,SF,Wing,58,51.6,65.5,23.3,26
2026,Tounde Yessoufou,SG,Wing,55.8,52.3,62.5,31.7,27
2026,Joshua Jefferson,SF,Wing,55.3,37,74.6,27.7,28
2026,Alex Condon,C,Big,55.2,41.7,70.6,37,29
2026,Rafael Castro,C,Big,55,34.1,78.5,,30
2026,Patrick Ngongba,C,Big,54.9,41.9,70.1,14.5,31
2026,Mikel Brown Jr.,PG,Guard,54.7,70.7,20.3,8.3,32
2026,Malachi Moreno,C,Big,53.5,41.2,69.2,53,33
2026,Koa Peat,SF,Wing,53.2,53.1,58,16,34
2026,Boogie Fland,PG,Guard,51,53.9,51.2,,35
2026,Morez Johnson Jr.,C,Big,50.8,41.4,66.2,30.5,36
2026,Isaiah Evans,SG,Wing,50.8,57.3,44.6,27.3,37
2026,Zvonimir Ivisic,C,Big,48.9,32.7,71.2,81,38
2026,Maliq Brown,SF,Wing,48.9,16.4,91.1,,39
2026,Izaiyah Nelson,C,Big,48.3,31.5,71.6,,40
2026,Baba Miller,C,Big,48.1,27.8,74.4,58,41
2026,Allen Graves,PF,Forward,47.7,33.9,69,,42
2026,Rueben Chinyelu,C,Big,47.6,29.2,72.7,,43
2026,Braden Smith,PG,Guard,46.9,49,50.5,41.7,44
2026,Trevon Brazile,PF,Forward,46.4,26.2,73.9,74.7,45
2026,Richie Saunders,SG,Wing,45.4,46.1,52,47,46
2026,Dillon Mitchell,C,Big,45.3,30.9,68.9,79,47
2026,Ja'Kobi Gillespie,PG,Guard,45,44.9,53.4,,48
2026,Amari Allen,SF,Wing,44.2,41,58.7,25.7,49
2026,Motiejus Krivas,C,Big,43.8,24.6,72.3,35.3,50
2026,Alex Karaban,SF,Wing,39.5,35.5,57.5,33.7,51
2026,Chris Cenac Jr,C,Big,38.6,22.5,68.5,,52
2026,Joseph Tugler,C,Big,37,18.3,70.3,45.5,53
2026,Tobe Awaka,C,Big,37,31.7,58.4,,54
2026,Meleek Thomas,SG,Wing,36.9,46.7,30.9,31,55
2026,Jeremy Fears Jr.,PG,Guard,36.9,58.4,9.3,,56
2026,JT Toppin,C,Big,36.4,30.2,59.9,57,57
2026,Trey Kaufman-Renn,C,Big,36.3,42.9,36.2,86,58
2026,Ryan Conwell,SG,Wing,36,46.1,29.7,43,59
2026,Moustapha Thiam,C,Big,34.9,19.4,67.1,,60
2026,Emanuel Sharp,SG,Wing,34.8,40.9,36.4,,61
2026,Tyler Bilodeau,PF,Forward,31,39.8,29.4,,62
2026,Otega Oweh,SG,Wing,30.3,22.3,59.5,80.3,63
2026,Jaden Bradley,PG,Guard,29.3,25.8,50.8,,64
2026,Kylan Boswell,SG,Wing,29.1,42.5,19.9,71.3,65
2026,Milos Uzan,PG,Guard,28.4,27.4,45.8,55.7,66
2026,Duke Miles,PG,Guard,27.4,21,55,,67
2026,Cayden Boozer,PG,Guard,27,47.6,5.7,,68
2026,Billy Richmond III,SG,Wing,26.9,19.2,57.2,,69
2026,Thomas Haugh,SF,Wing,26.5,22.7,49.7,12.5,70
2026,Keyshawn Hall,SF,Wing,26.3,31.8,32.8,,71
2026,Nick Martinelli,SF,Wing,26.2,37.3,22.6,,72
2026,Felix Okpara,C,Big,26.1,7.7,67.3,,73
2026,Nate Bittle,C,Big,25.5,17.3,57.2,72,74
2026,Andrej Stojakovic,SF,Wing,25,32.6,28.1,70,75
2026,Braylon Mullins,SG,Wing,24.2,28.3,34.1,17,76
2026,Peter Suder,SG,Wing,23.9,20.8,47,,77
2026,Bryce Hopkins,SG,Wing,23.7,17.9,51.9,,78
2026,Tyler Nickel,SG,Wing,23.2,27.7,32.8,,79
2026,John Blackwell,SG,Wing,22.6,35.5,17.1,,80
2026,Tahaad Pettiford,SG,Wing,21.8,26,32.4,69,81
2026,Malik Reneau,C,Big,21.2,16.9,47.6,,82
2026,Tomislav Ivisic,C,Big,20.8,16.7,47,62.5,83
2026,Tamin Lipsey,PG,Guard,20.4,14.1,50.8,60.5,84
2026,Somto Cyril,C,Big,19.5,0,69.1,,85
2026,Aidan Kehoe,C,Big,19,7,60.3,,86
2026,Oscar Cluff,C,Big,18.6,14.6,45.9,,87
2026,Ernest Udeh Jr.,C,Big,17.6,0,70.9,,88
2026,Sananda Fru,C,Big,17,0.9,63.1,,89
2026,Darrion Williams,SG,Wing,17,18.9,33.9,73,90
2026,Aaron Nkrumah,SG,Wing,16.8,2.3,61.8,,91
2026,Tobi Lawal,C,Big,16.6,9.1,51.1,,92
2026,Bukky Oboye,C,Big,16.4,0,64.5,,93
2026,Drew Scharnowski,C,Big,16.4,1.1,62.3,,94
2026,Sam Hoiberg,PG,Guard,15.2,6.4,52.6,,95
2026,Tomislav Buljan,C,Big,15.2,2.5,59.8,,96
2026,Nolan Winter,PF,Forward,14.7,9.6,45.5,,97
2026,Silas Demary Jr.,PG,Guard,14.3,2.5,57.5,57,98
2026,William Kyle III,C,Big,13.5,0,67.5,,99
2026,Graham Ike,C,Big,13.3,9.6,42.1,,100
2026,Neoklis Avdalas,SF,Wing,8.5,10.4,29.2,24,101
2026,Pryce Sandfort,SG,Wing,7.7,10.6,27,47,102
2026,Josh Dix,SG,Wing,6.6,17.4,12.2,86,103
2026,Tucker DeVries,SG,Wing,5.1,2.8,35.2,86,104
2026,Kwame Evans Jr.,PF,Forward,2.4,0,43.6,61,105
2026,Juke Harris,SG,Wing,1.7,8.5,16.7,44.3,106
2026,Solo Ball,SG,Wing,0,11.9,1.1,68,107
2026,KJ Lewis,SG,Wing,0,0,47,70,108
2026,Donovan Dent,PG,Guard,0,0,26.4,88,109
2025,Cooper Flagg,PF,Forward,96.2,94.7,88.6,1,1
2025,Collin Murray-Boyles,SF,Wing,93,86.7,94.8,13,2
2025,Thomas Sorber,C,Big,92.7,74.8,97.6,19,3
2025,V.J. Edgecombe,SG,Wing,90.1,89.9,74.2,4,4
2025,Kon Knueppel,SG,Wing,89.8,96.8,50.8,6,5
2025,Khaman Maluach,C,Big,89,85.4,84,8,6
2025,Asa Newell,C,Big,86.9,88.6,67.7,15,7
2025,Derik Queen,C,Big,85.5,71.6,84.5,11,8
2025,Dylan Harper,SG,Wing,83.8,88.8,61.5,2,9
2025,Ryan Kalkbrenner,C,Big,83.3,68.7,85.8,32,10
2025,Walter Clayton jr.,PG,Guard,81.4,81.8,68.1,26,11
2025,Johni Broome,C,Big,76.2,65.8,83.6,34,12
2025,Yanic Konan Niederhauser,C,Big,73.6,60,89,43,13
2025,Jeremiah Fears,PG,Guard,72,83.9,55,7,14
2025,Jase Richardson,SG,Wing,71.9,85.6,51.1,16,15
2025,Rasheer Fleming,PF,Forward,70.4,54.4,88.2,24,16
2025,Nique Clifford,SF,Wing,69.5,68.3,66.2,18,17
2025,Javon Small,PG,Guard,69.4,70.6,63.2,58,18
2025,Danny Wolf,C,Big,68.8,57.4,79.9,21,19
2025,Tre Johnson,SG,Wing,67,87.3,27.1,5,20
2025,Carter Bryant,PF,Forward,65.4,56,72.9,12,21
2025,Noa Essengue,,Default,65.1,,,9,22
2025,Adou Thiero,SG,Wing,64.2,54.5,72,31,23
2025,Egor Demin,PG,Guard,63.7,55.3,70.5,14,24
2025,Sion James,SG,Wing,63.4,55.8,69.7,47,25
2025,Kasparas Jakucionis,SG,Wing,63.3,67.9,52.2,10,26
2025,Maxime Raynaud,C,Big,62.4,58,66.3,33,27
2025,Ace Bailey,PF,Forward,62.3,62,62.1,3,28
2025,Micah Peavy,SF,Wing,60.5,48.3,71.2,57,29
2025,John Tonje,SG,Wing,60.4,69,38.6,48,30
2025,Alijah Martin,SG,Wing,60.2,59.1,61.8,53,31
2025,Max Shulga,SG,Wing,59.2,54.6,64.3,,32
2025,Drake Powell,SG,Wing,57.4,58.7,57.8,30,33
2025,Jamir Watkins,SG,Wing,55.2,49.8,64,42,34
2025,Kam Jones,PG,Guard,54.5,64,37.7,35,35
2025,Cedric Coward,SG,Wing,52,56.3,49.3,,36
2025,Liam McNeeley,SF,Wing,51.4,60.5,39.7,17,37
2025,Koby Brea,SG,Wing,49.3,59.8,36.6,45,38
2025,Amari Williams,C,Big,47.4,37.7,65.5,54,39
2025,Chaz Lanier,SG,Wing,46.4,58.8,31.4,38,40
2025,Will Richard,SG,Wing,46.4,41.2,61.5,,41
2025,Tyrese Proctor,SG,Wing,46.3,55.1,38,39,42
2025,Will Riley,SF,Wing,46.3,62.9,21,23,43
2025,Nolan Traore,,Default,52.1,,,20,44
2025,Brooks Barnhizer,SG,Wing,43.3,27.9,69.2,,45
2025,Kobe Sanders,PG,Guard,42.4,43.1,50.5,,46
2025,Joan Beringer,,Default,49.1,,,25,47
2025,Rocco Zikarsky,,Default,49.1,,,,48
2025,Taelon Peter,SG,Wing,34.4,43.2,31.1,,49
2025,Noah Penda,,Default,46.1,,,27,50
2025,Ben Saraf,,Default,45.1,,,28,51
2025,Bogoljub Markovic,,Default,40.1,,,37,52
2025,Alex Toohey,,Default,41.1,,,,53
2025,Hugo Gonzalez,,Default,39.1,,,29,54
2025,Lachlan Olbrich,,Default,37.1,,,,55
2025,Jahmai Mashack,,Default,35.1,,,,56
2025,Mohamed Diawara,,Default,33.1,,,,57
2025,Saliou Niang,,Default,29.2,,,,58
2025,Yang Hansen,,Default,,,,,59
2024,Reed Sheppard,PG,Guard,92.9,93.4,76.4,3,1
2024,Donovan Clingan,C,Big,91,83.4,92.8,6,2
2024,Zach Edey,C,Big,84.7,80.5,71,17,3
2024,DaRon Holmes II,PF,Forward,77.5,67.4,81.5,27,4
2024,Yves Missi,C,Big,74.8,72.4,69.8,20,5
2024,Jonathan Mogbo,C,Big,74.7,61.9,88.4,35,6
2024,Alex Sarr,,Default,73.1,,,2,7
2024,Kel'el Ware,PF,Forward,72.3,68.3,70.7,23,8
2024,Devin Carter,SG,Wing,71.6,65.8,72.6,10,9
2024,Ryan Dunn,PF,Forward,66.5,43,92.1,26,10
2024,Dillon Jones,SG,Wing,65.4,67.4,60.6,43,11
2024,Stephon Castle,SG,Wing,65,68.3,57.3,4,12
2024,Kyle Filipowski,PF,Forward,64.3,56,71.1,24,13
2024,Adem Bona,C,Big,62.5,46.6,76.8,34,14
2024,Cam Spencer,SG,Guard,61.4,60.5,62.3,54,15
2024,Tyler Kolek,PG,Guard,61.2,62,60.3,25,16
2024,Jared McCain,SG,Wing,61,72.3,32.3,14,17
2024,Jamal Shead,PG,Guard,61,50.4,70.3,40,18
2024,Terrence Shannon jr.,SG,Wing,60.5,63,55.5,29,19
2024,Rob Dillingham,PG,Guard,58.9,75.2,18.4,12,20
2024,Cody Williams,SF,Wing,58.7,63.7,48.4,8,21
2024,K.J. Simpson,PG,Guard,58.7,64.9,45.1,49,22
2024,Tyler Smith,PG,Guard,58.4,63.7,47.7,32,23
2024,Baylor Scheierman,SF,Wing,58.3,63.8,47.4,28,24
2024,Zaccharie Risacher,,Default,59.1,,,1,25
2024,Oso Ighodaro,C,Big,57,38.4,75.5,48,26
2024,Tristan Da Silva,SF,Wing,56.4,57.3,57.8,18,27
2024,Ajay Mitchell,PG,Guard,53.4,62.2,39.8,41,28
2024,Ja'Kobe Walter,SG,Wing,53.3,67.4,25.7,16,29
2024,Jaylon Tyson,SG,Wing,51.9,60.1,42.1,30,30
2024,Johnny Furphy,PF,Forward,51.4,55.6,49.1,22,31
2024,Harrison Ingram,SF,Wing,51.3,46.2,62.7,45,32
2024,Bub Carrington,SG,Wing,51.3,63.3,32,15,33
2024,Dalton Knecht,SG,Wing,50.8,61.1,36.8,7,34
2024,Kyshawn George,SF,Wing,49,49.8,53.9,19,35
2024,Quinten Post,PF,Forward,48.9,41.1,64.3,73,36
2024,Tristen Newton,SG,Guard,48.8,54.7,44.5,60,37
2024,Kevin McCullar Jr.,SG,Wing,47,49.5,49.6,39,38
2024,Pelle Larsson,SG,Guard,46.8,48.1,51.7,47,39
2024,Tidjane Salaun,,Default,52.1,,,9,40
2024,Matas Buzelis,,Default,51.1,,,5,41
2024,Nikola Topic,,Default,51.1,,,13,42
2024,Isaiah Collier,PG,Guard,39.8,49.2,33.1,21,43
2024,Jaylen Wells,SF,Wing,37.4,53.2,20.2,42,44
2024,Enrique Freeman,C,Big,36.3,29.6,60.3,52,45
2024,Antonio Reeves,SG,Wing,35.5,53.6,15,61,46
2024,Anton Watson,SF,Wing,33.4,25.9,60.2,75,47
2024,Juan Nunez,,Default,45.1,,,38,48
2024,Pacome Dadiet,,Default,41.1,,,31,49
2024,Bronny James,SG,Guard,29.2,28,46.5,55,50
2024,Ariel Hukporti,,Default,39.1,,,65,51
2024,Bobi Klintman,,Default,39.1,,,36,52
2024,Melvin Ajinca,,Default,36.1,,,50,53
2024,Nikola Djurisic,,Default,23.2,,,,54
2024,A.J. Johnson,,Default,,,,37,55
2024,Cameron Christie,,Default,,,,33,56
2024,Ron Holland,,Default,,,,11,57
2024,Ulrich Chomche,,Default,,,,58,58
2023,Victor Wembanyama,,Default,100,,,1,1
2023,Dereck Lively II,C,Big,90.1,68.9,97.6,12,2
2023,Amen Thompson,,Default,84.7,,,4,3
2023,Ausar Thompson,,Default,83.9,,,5,4
2023,Cason Wallace,PG,Guard,84.1,71.5,80.4,14,5
2023,Jarace Walker,PF,Forward,82.8,66.4,88.9,7,6
2023,Taylor Hendricks,PF,Forward,73.9,70.4,70.9,9,7
2023,Kobe Bufkin,SG,Wing,72.6,70.4,68.6,13,8
2023,Anthony Black,SG,Wing,72.5,60.2,86.5,6,9
2023,Gradey Dick,SF,Wing,69.5,72.6,61,10,10
2023,Brandon Miller,PF,Forward,68.3,67.5,65.3,3,11
2023,Brandin Podziemski,SG,Wing,68,67.7,64.5,22,12
2023,Noah Clowney,C,Big,66.6,52.9,79.9,21,13
2023,Trayce Jackson-Davis,C,Big,65.6,59.2,70.5,34,14
2023,Jaylen Clark,SG,Wing,64.2,49.4,77.9,50,15
2023,Marcus Sasser,PG,Guard,64.2,66,60.3,33,16
2023,Toumani Camara,C,Big,63.3,49,75.4,55,17
2023,Jett Howard,SF,Wing,61.6,70.7,38.7,20,18
2023,Mouhamed Gueye,C,Big,60.7,52.3,68.3,49,19
2023,Cam Whitmore,SG,Wing,60.1,52.9,66.7,8,20
2023,Jalen Slawson,SF,Wing,59.2,46.2,71.2,70,21
2023,Keyonte George,SG,Wing,56.1,62.4,45.9,16,22
2023,Colby Jones,SG,Wing,55.9,49.5,65,31,23
2023,Jordan Miller,SG,Wing,55.6,53,61.8,53,24
2023,Brice Sensabaugh,PF,Forward,55.6,66.9,32.6,27,25
2023,Jordan Hawkins,SG,Wing,55.5,61.7,46.5,15,26
2023,Kobe Brown,SF,Wing,55.5,50.6,63.6,43,27
2023,Scoot Henderson,,Default,57.1,,,2,28
2023,Kris Murray,PF,Forward,53.8,53.6,58.4,23,29
2023,Keyontae Johnson,SG,Wing,53.6,50.1,62,47,30
2023,Julian Phillips,SF,Wing,51.7,43.9,65.1,36,31
2023,Jalen Wilson,PF,Forward,51.1,54.2,50.9,44,32
2023,Amari Bailey,SG,Wing,50.9,45.8,62.6,39,33
2023,Jaime Jaquez jr.,SF,Wing,49.2,48.7,56.4,19,34
2023,Isaiah Wong,SG,Wing,48.4,50.1,51.8,57,35
2023,Jalen Hood-Schifino,SG,Wing,48.4,51.5,49.5,17,36
2023,Leonard Miller,,Default,54.1,,,25,37
2023,Andre Jackson jr.,SG,Wing,48.3,27.2,75.3,35,38
2023,Seth Lundy,SF,Wing,48.1,53.2,45.6,46,39
2023,Julian Strawther,SF,Wing,46.6,48.4,50.8,42,40
2023,Jalen Pickett,PG,Guard,46.1,47.3,51.5,56,41
2023,Ben Sheppard,SG,Wing,44.8,50.6,42.5,32,42
2023,Olivier-Maxence Prosper,SF,Wing,43.6,45,49.8,,43
2023,Jordan Walsh,SF,Wing,42.7,30,66.8,38,44
2023,Chris Livingston,SF,Wing,42.5,44.1,48.7,48,45
2023,Maxwell Lewis,SF,Wing,42,41.5,52.6,,46
2023,Dariq Whitehead,SG,Wing,41.8,44.3,46.7,26,47
2023,Hunter Tyson,PF,Forward,36.4,40.2,41.6,64,48
2023,Bilal Coulibaly,,Default,46.1,,,11,49
2023,Rayan Rupert,,Default,44.1,,,28,50
2023,Tristan Vukcevic,,Default,42.1,,,41,51
2023,James Nnaji,,Default,41.1,,,29,52
2023,Sidy Cissoko,,Default,41.1,,,40,53
2023,Mojave King,,Default,39.1,,,65,54
2023,Emoni Bates,PF,Forward,26.5,36.1,25.3,54,55
2023,G.G. Jackson,,Default,,,,37,56
2023,Tarik Biberovic,,Default,,,,,57
2022,Chet Holmgren,C,Big,96.9,85.7,99.6,2,1
2022,Paolo Banchero,SF,Wing,81.3,89.1,58.2,3,2
2022,Walker Kessler,C,Big,77.6,62.7,90,25,3
2022,Jalen Duren,C,Big,74.8,66.1,80.5,10,4
2022,Mark Williams,C,Big,73.7,64.5,80.7,14,5
2022,Tari Eason,SF,Wing,70.3,57.4,85,16,6
2022,Bennedict Mathurin,SG,Wing,69.5,86.7,38,,7
2022,Johnny Davis,SF,Wing,66.9,75.8,45.5,9,8
2022,Jeremy Sochan,PF,Forward,66.8,60.3,71.4,12,9
2022,Jabari Smith jr.,PF,Forward,66.4,68.2,61.3,1,10
2022,Keegan Murray,PF,Forward,66,61.4,68.8,5,11
2022,Christian Koloko,C,Big,63.8,49.7,75.8,35,12
2022,Dyson Daniels,,Default,63.1,,,7,13
2022,Jake LaRavia,SF,Wing,62.2,55.9,67.7,29,14
2022,Jaylin Williams,C,Big,62,47.2,74.6,43,15
2022,Kennedy Chandler,PG,Guard,61.2,62,60.3,28,16
2022,Jalen Williams,SG,Wing,60.8,60.8,61.1,18,17
2022,Vincent Williams jr.,SG,Wing,60.8,53.1,67.8,74,18
2022,Josh Minott,C,Big,60.6,54.9,65.8,42,19
2022,David Roddy,SF,Wing,60.5,62.6,56.2,45,20
2022,Dalen Terry,SG,Wing,60.3,58.8,62.2,23,21
2022,Jaden Ivey,SG,Wing,59.6,67.1,41.5,4,22
2022,E.J. Liddell,C,Big,57.6,55.9,61.6,21,23
2022,Malaki Branham,SG,Wing,56.5,70.1,26.3,17,24
2022,Ochai Agbaji,SG,Wing,54.8,58.7,51.5,15,25
2022,Shaedon Sharpe,,Default,57.1,,,8,26
2022,Jabari Walker,C,Big,52.8,50.9,60.5,51,27
2022,Ryan Rollins,SG,Wing,52.4,60.2,42.8,44,28
2022,Christian Braun,SG,Wing,51.8,54.8,51.5,30,29
2022,Kendall Brown,SF,Wing,51.5,52.9,54.1,31,30
2022,Moussa Diabate,C,Big,50.6,56.2,46.1,59,31
2022,AJ Griffin,SG,Wing,50,65.8,22.1,11,32
2022,Isaiah Mobley,PF,Forward,46.9,42.2,61.3,73,33
2022,Andrew Nembhard,PG,Guard,46.2,52.8,41.7,36,34
2022,Trevor Keels,SG,Wing,39.6,55.9,20.5,33,35
2022,Peyton Watson,PF,Forward,38.8,27.9,64.4,34,36
2022,Wendell Moore jr.,SG,Wing,37.8,37.9,49,26,37
2022,Gabriele Procida,,Default,46.1,,,48,38
2022,Jaden Hardy,,Default,44.1,,,24,39
2022,Luke Travers,,Default,44.1,,,90,40
2022,Ousmane Dieng,,Default,43.1,,,13,41
2022,Caleb Houstan,SF,Wing,30.6,44.3,20.1,39,42
2022,MarJon Beauchamp,,Default,42.1,,,22,43
2022,TyTy Washington jr.,PG,Guard,29.9,37.9,30.2,20,44
2022,Bryce McGowens,SG,Wing,29.6,49,9.2,32,45
2022,Nikola Jovic,,Default,41.1,,,27,46
2022,Karlo Matkovic,,Default,35.1,,,78,47
2022,Yannick Nzosa,,Default,35.1,,,58,48
2022,Hugo Besson,,Default,34.1,,,49,49
2022,Ismael Kamagate,,Default,33.1,,,37,50
2022,Khalifa Diop,,Default,33.1,,,57,51
2022,Blake Wesley,SG,Wing,26.4,37.7,22.2,19,52
2022,Matteo Spagnolo,,Default,26.2,,,62,53
2022,Max Christie,SG,Wing,23.7,37,17.1,40,54
2022,J.D. Davison,PG,Guard,20.8,22.2,37.1,47,55
2022,Tyrese Martin,SF,Wing,19.1,25.9,26.4,77,56
2022,Patrick Baldwin jr.,PF,Forward,10.3,17.9,19.9,38,57
2022,Gui Santos,,Default,,,,83,58
2021,Evan Mobley,C,Big,92.5,89.7,86.8,3,1
2021,Alperen Sengun,,Default,92.7,,,11,2
2021,Jalen Suggs,SG,Wing,85,86.4,66.6,4,3
2021,Franz Wagner,SF,Wing,75.7,76.6,66.8,8,4
2021,Cade Cunningham,SF,Wing,75.6,86.3,60.3,1,5
2021,Charles Bassey,C,Big,74.2,66.2,78,40,6
2021,Isaiah Jackson,C,Big,72.4,58.5,88.1,23,7
2021,Chris Duarte,SG,Wing,68.9,68.7,64.7,16,8
2021,Scottie Barnes,PG,Guard,66.6,62.6,68.4,5,9
2021,Day'Ron Sharpe,C,Big,65.1,63.6,64.7,27,10
2021,Neemias Queta,C,Big,64.8,42.6,88.9,51,11
2021,Jalen Johnson,C,Big,64.2,55.2,71.6,17,12
2021,Kai Jones,C,Big,63.6,55,70.7,15,13
2021,Jalen Green,,Default,63.1,,,2,14
2021,Corey Kispert,SG,Wing,61.9,68.2,46.5,13,15
2021,Davion Mitchell,PG,Guard,61.6,63.6,57.5,12,16
2021,James Bouknight,SG,Wing,61.3,70,39.4,6,17
2021,Moses Moody,SG,Wing,60.1,67.1,43.1,9,18
2021,Jeremiah Robinson-Earl,PF,Forward,60.1,57.4,63,44,19
2021,Josh Giddey,,Default,60.2,,,10,20
2021,Jonathan Kuminga,,Default,59.7,,,7,21
2021,Miles McBride,PG,Guard,58.2,58.5,60,,22
2021,Bones Hyland,SG,Wing,54.9,62.4,43,29,23
2021,Joe Wieskamp,SG,Wing,54.8,60.8,47,47,24
2021,Ayo Dosunmu,SG,Wing,53.9,61.3,43.7,30,25
2021,Santi Aldama,C,Big,53.8,48.9,63.2,54,26
2021,Jared Butler,PG,Guard,53.5,62.1,40.5,21,27
2021,Trey Murphy III,SF,Wing,53.5,62.3,39.8,19,28
2021,Isaiah Livers,SF,Wing,53.1,56.1,52.2,53,29
2021,Scottie Lewis,SG,Wing,50.8,38.6,68.4,68,30
2021,Jason Preston,PG,Guard,48.9,53.9,46.3,46,31
2021,Luka Garza,C,Big,47.9,52.3,46.7,57,32
2021,Josh Christopher,SG,Wing,47.2,49.9,49.5,32,33
2021,Herbert Jones,SF,Wing,47,30.4,71.1,,34
2021,Kessler Edwards,PF,Forward,46.2,47.7,51.2,38,35
2021,Jericho Sims,C,Big,46.1,39.5,62.7,52,36
2021,Jaden Springer,SG,Wing,45.8,50.7,44.8,24,37
2021,JT Thor,PF,Forward,45.7,44.2,56.4,33,38
2021,Greg Brown III,C,Big,45,41.2,60.1,43,39
2021,Quentin Grimes,SG,Wing,45,50.7,42.9,34,40
2021,Cam Thomas,SG,Wing,44.1,67.7,3,22,41
2021,Tre Mann,SG,Wing,43.5,50.5,39.4,26,42
2021,Raiquan Gray,SF,Wing,41.1,32.5,63,60,43
2021,Filip Petrusev,C,Big,41.1,45,43.7,48,44
2021,Aaron Wiggins,SG,Wing,40.1,43.5,44.2,61,45
2021,Joshua Primo,SG,Wing,37.8,53.2,21.1,,46
2021,Sandro Mamukelashvili,SF,Wing,37.8,38.6,47.7,58,47
2021,Keon Johnson,SG,Wing,37,37.9,47.2,14,48
2021,Dalano Banton,PF,Forward,36.7,32.1,56.9,75,49
2021,Marcus Zegarowski,PG,Guard,35.3,48.7,23.3,79,50
2021,Ziaire Williams,SF,Wing,34,39.1,37.6,18,51
2021,David Johnson,SG,Wing,27.4,29.5,39.4,42,52
2021,B.J. Boston Jr.,SG,Wing,25.2,34.1,25.9,,53
2021,Sharife Cooper,PG,Guard,14.9,34.8,0,25,54
2021,Balsa Koprivica,,Default,,,,,55
2021,Georgios Kalaitzakis,,Default,,,,,56
2021,Isaiah Todd,,Default,,,,36,57
2021,Juhann Begarin,,Default,,,,49,58
2021,Rokas Jokubaitis,,Default,,,,39,59
2021,Usman Garuba,,Default,,,,20,60
2020,LaMelo Ball,,Default,94.7,,,1,1
2020,Onyeka Okongwu,C,Big,91.5,88.3,86.3,4,2
2020,Tyrese Haliburton,PG,Guard,85.9,76.9,75.7,8,3
2020,Udoka Azubuike,C,Big,85.9,67.1,92.6,47,4
2020,Jalen Smith,C,Big,75,71.2,71.6,22,5
2020,Zeke Nnaji,C,Big,74.1,75,65.6,30,6
2020,Obi Toppin,SF,Wing,69.2,65.4,69.2,7,7
2020,Precious Achiuwa,C,Big,68.1,60.7,73,19,8
2020,Isaiah Stewart II,C,Big,67.9,65.6,66.9,28,9
2020,Patrick Williams,SF,Wing,64.2,60.7,66.7,11,10
2020,Devin Vassell,SG,Wing,63.9,67.3,56.1,10,11
2020,Aaron Nesmith,SG,Wing,62.9,67,53.5,14,12
2020,Deni Avdija,,Default,62.4,,,6,13
2020,Isaac Okoro,SG,Wing,62.1,65,55.7,9,14
2020,Xavier Tillman Sr.,C,Big,61.2,44.6,75.6,32,15
2020,Tyrell Terry,SG,Wing,59.6,68.4,38,20,16
2020,Josh Green,SG,Wing,58.8,55,63.6,21,17
2020,Anthony Edwards,SG,Wing,58.6,67.6,37.7,2,18
2020,Tyler Bey,SF,Wing,58.6,41.9,74.1,36,19
2020,Reggie Perry,C,Big,58.4,57.3,61.3,50,20
2020,Payton Pritchard,PG,Guard,57.7,63,48,44,21
2020,Saddiq Bey,SF,Wing,57.5,62.5,48.9,15,22
2020,Paul Reed,C,Big,56.3,42.3,71.4,43,23
2020,Nick Richards,C,Big,56,46.6,67.4,71,24
2020,Sam Merrill,PG,Guard,54.1,65.4,33.2,51,25
2020,Desmond Bane,SG,Wing,53.8,59.5,47.8,25,26
2020,Daniel Oturu,C,Big,50.4,43.7,63.8,45,27
2020,Tre Jones,PG,Guard,49.7,54,48.1,29,28
2020,Killian Hayes,,Default,54.6,,,5,29
2020,Tyrese Maxey,SG,Wing,48.8,60.5,33.7,16,30
2020,Cassius Winston,PG,Guard,48.4,63.3,25.2,37,31
2020,Jahmi'us Ramsey,SG,Wing,48,51.5,48.5,35,32
2020,Grant Riller,PG,Guard,46.4,60.2,28.6,42,33
2020,Malachi Flynn,PG,Guard,45.8,53.8,39,24,34
2020,Cole Anthony,SG,Wing,45.2,55.7,34,17,35
2020,Elijah Hughes,SG,Wing,43.6,45.7,48.5,39,36
2020,Skylar Mays,SG,Wing,43.4,40.4,57.8,49,37
2020,Jordan Nwora,SF,Wing,43.2,48,43.4,46,38
2020,Jaden McDaniels,PF,Forward,42.7,42.9,51.7,23,39
2020,James Wiseman,,Default,51.1,,,3,40
2020,Jalen Harris,SG,Wing,42.3,50.3,37.2,58,41
2020,Immanuel Quickley,SG,Wing,41.9,52.9,31.5,48,42
2020,Vernon Carey jr.,C,Big,40.1,30.8,63.4,38,43
2020,Saben Lee,PG,Guard,37.3,41.9,40.6,,44
2020,Cassius Stanley,SF,Wing,36.7,42.1,38.7,41,45
2020,Kira Lewis jr.,PG,Guard,36.2,51.1,21,12,46
2020,Isaiah Joe,SG,Wing,30.7,41.1,26.3,33,47
2020,C.J. Elleby,SF,Wing,28.5,24,52.2,72,48
2020,Robert Woodard II,SF,Wing,26.6,32.5,32.2,31,49
2020,Justinian Jessup,SG,Wing,19.1,24.6,28.6,66,50
2020,Nico Mannion,PG,Guard,7.1,23.5,2.1,34,51
2020,Aleksej Pokusevski,,Default,,,,18,52
2020,Jay Scrubb,,Default,,,,60,53
2020,K.J. Martin,,Default,,,,,54
2020,Leandro Bolmaro,,Default,,,,27,55
2020,Marko Simonovic,,Default,,,,,56
2020,R.J. Hampton,,Default,,,,13,57
2020,Theo Maledon,,Default,,,,26,58
2020,Vit Krejci,,Default,,,,,59
2020,Yam Madar,,Default,,,,54,60
2019,Zion Williamson,SF,Wing,92.5,91.6,80.8,,1
2019,Ja Morant,PG,Guard,88.8,95,61.4,,2
2019,Jaxson Hayes,C,Big,85.1,70.6,84.7,,3
2019,P.J. Washington,C,Big,72.5,65,75.4,,4
2019,Brandon Clarke,C,Big,72.5,66.4,73.3,,5
2019,Grant Williams,SF,Wing,70.9,67.1,69.9,,6
2019,Coby White,SG,Wing,68.7,85.7,39.1,,7
2019,Jarrett Culver,SG,Wing,68.5,66.2,67.2,,8
2019,Daniel Gafford,C,Big,67.7,61.7,71.2,,9
2019,Tyler Herro,SG,Wing,67.1,80.5,41.2,,10
2019,R.J. Barrett,SG,Wing,66.9,77.1,43.9,,11
2019,Bruno Fernando,C,Big,66.4,58.3,72.7,,12
2019,Nickeil Alexander-Walker,PG,Guard,65.5,64.7,63.9,,13
2019,Chuma Okeke,PF,Forward,65.3,59.4,69.8,,14
2019,Sekou Doumbouya,,Default,64.4,,,,15
2019,Matisse Thybulle,SG,Wing,64.4,49.5,78.3,,16
2019,Rui Hachimura,SF,Wing,63.4,65.8,58.4,,17
2019,Cameron Johnson,SF,Wing,63.2,68.4,50.7,,18
2019,Alen Smailagic,,Default,62.7,,,,19
2019,Bol Bol,,Default,62.7,,,,20
2019,Nicolas Claxton,C,Big,60.5,48.4,71.1,,21
2019,De'Andre Hunter,SF,Wing,58.9,59.4,60,,22
2019,Ty Jerome,PG,Guard,58.4,60.8,55.6,,23
2019,Mfiondu Kabengele,C,Big,57.6,47.4,68.5,,24
2019,Cam Reddish,SF,Wing,57.2,51.9,64.4,,25
2019,Dylan Windler,PF,Forward,56.7,55.7,60.6,,26
2019,Keldon Johnson,SF,Wing,55.1,63.9,39.5,,27
2019,Isaiah Roby,PF,Forward,55.1,44.6,68.1,,28
2019,Talen Horton-Tucker,SG,Wing,54.7,48.1,64.8,,29
2019,Tremont Waters,PG,Guard,54.4,58.5,51,,30
2019,Darius Bazley,,Default,56.7,,,,31
2019,Cody Martin,PG,Guard,52.5,44,65.8,,32
2019,Jalen McDaniels,C,Big,51,46,62.5,,33
2019,Jordan Poole,SG,Wing,50.6,61.3,35.9,,34
2019,Nassir Little,SF,Wing,50.3,53.1,51.1,,35
2019,Ignas Brazdeikis,SF,Wing,48.2,58.7,35.8,,36
2019,Quinndary Weatherspoon,SG,Wing,48.1,49.2,52.9,,37
2019,Terance Mann,SF,Wing,46.8,46.3,55.2,,38
2019,Kyle Guy,SG,Wing,46.2,59.1,30.3,,39
2019,Jaylen Nowell,SG,Wing,46,57.2,33.3,,40
2019,Carsen Edwards,SG,Wing,45.9,59.3,29.3,,41
2019,Miye Oni,SF,Wing,44.5,45.8,50.4,,42
2019,Eric Paschall,SF,Wing,43.7,48.3,44,,43
2019,KZ Okpala,SF,Wing,42.8,46.8,44.8,,44
2019,Romeo Langford,SG,Wing,41.8,55.9,25.8,,45
2019,Marial Shayok,SG,Wing,41.1,44.6,44.7,,46
2019,Goga Bitadze,,Default,49.9,,,,47
2019,Admiral Schofield,SF,Wing,38.8,47.6,33.8,,48
2019,Darius Garland,,Default,49.1,,,,49
2019,Luka Samanic,,Default,49.1,,,,50
2019,Jaylen Hands,PG,Guard,34.3,42,33.2,,51
2019,Jordan Bone,PG,Guard,34.3,46.2,25.4,,52
2019,Jarrell Brantley,PF,Forward,27.7,30.5,38.4,,53
2019,Justin James,SG,Wing,18.1,25.8,24.2,,54
2019,Kevin Porter jr.,SG,Wing,17.6,17.6,37.9,,55
2019,Justin Wright-Foreman,SG,Wing,17.5,38.9,0,,56
2019,Deividas Sirvydis,,Default,,,,,57
2019,Dewan Hernandez,,Default,,,,,58
2019,Didi Louzada,,Default,,,,,59
2019,Vanja Marinkovic,,Default,,,,,60
2018,Luka Doncic,,Default,100,,,,1
2018,Deandre Ayton,C,Big,96.7,96.5,78.7,,2
2018,Mohamed Bamba,C,Big,93.9,80.8,97.6,,3
2018,Marvin Bagley III,C,Big,87.4,91,64.8,,4
2018,Wendell Carter jr.,C,Big,87.3,74.3,86.7,,5
2018,Jaren Jackson jr.,C,Big,82.1,63.4,92.7,,6
2018,Shai Gilgeous-Alexander,PG,Guard,81,74.1,72.3,,7
2018,Trae Young,PG,Guard,75.7,92,38.3,,8
2018,Mikal Bridges,SG,Wing,72,66.7,72.2,,9
2018,Zhaire Smith,SG,Wing,71.8,68.4,69.8,,10
2018,Dzanan Musa,,Default,70.3,,,,11
2018,Mitchell Robinson,,Default,65.2,,,,12
2018,Josh Okogie,SG,Wing,64.7,60.6,67.7,,13
2018,Miles Bridges,SF,Wing,63.5,66.8,56,,14
2018,Keita Bates-Diop,C,Big,63.1,56,69.1,,15
2018,Omari Spellman,C,Big,63,60.9,64.6,,16
2018,Landry Shamet,PG,Guard,62.9,73.9,34.9,,17
2018,Kevin Huerter,SG,Wing,62.9,68.8,48.4,,18
2018,Khyri Thomas,SG,Wing,61.4,56.6,65.9,,19
2018,Robert Williams,C,Big,61,53.1,68,,20
2018,Donte DiVincenzo,SG,Wing,59.6,63.8,50.6,,21
2018,Grayson Allen,PG,Guard,58.6,65.7,43,,22
2018,Chimezie Metu,C,Big,58.4,51.1,66.3,,23
2018,Shake Milton,PG,Guard,57.8,57.8,60.2,,24
2018,Jevon Carter,PG,Guard,57.7,48,68.1,,25
2018,Collin Sexton,PG,Guard,57.3,70.9,25.8,,26
2018,Elie Okobo,,Default,58.4,,,,27
2018,Jalen Brunson,PG,Guard,55.4,67.8,29.5,,28
2018,Jerome Robinson,SG,Wing,51.4,60.2,40.3,,29
2018,Devonte' Graham,PG,Guard,51.1,53.6,52,,30
2018,Thomas Welsh,C,Big,49.1,49.5,54.6,,31
2018,Devon Hall,SG,Wing,48.2,50.4,50.8,,32
2018,Justin Jackson,PF,Forward,45.7,44.2,56.2,,33
2018,Kostas Antetokounmpo,C,Big,45.3,41.1,60.5,,34
2018,Aaron Holiday,PG,Guard,44.9,48.6,46.4,,35
2018,Alize Johnson,C,Big,40.9,49.5,35.2,,36
2018,Kevin Hervey,PF,Forward,39.9,43.3,44.2,,37
2018,Troy Brown jr.,SG,Wing,36.9,33,55.8,,38
2018,Tony Carr,PG,Guard,34.7,43.1,32.1,,39
2018,Hamidou Diallo,SG,Wing,34.7,42.3,33.4,,40
2018,Melvin Frazier jr.,SG,Wing,34.3,16.2,69.1,,41
2018,Kevin Knox II,SF,Wing,32.6,42.6,28.1,,42
2018,Bruce Brown Jr.,SG,Wing,32.4,21.8,62.5,,43
2018,Chandler Hutchison,SG,Wing,31.9,31.6,46.4,,44
2018,George King,PF,Forward,31.5,43.9,23,,45
2018,Svi Mykhailiuk,SF,Wing,31,42.6,24,,46
2018,Gary Trent jr.,SG,Wing,27.7,45.5,10.9,,47
2018,De'Anthony Melton,SG,Wing,23.8,8.7,64.1,,48
2018,Lonnie Walker,SG,Wing,21.8,30.6,24.2,,49
2018,Raymond Spalding,C,Big,13.6,0,63.9,,50
2018,Jacob Evans,SG,Wing,10.5,11.4,32.3,,51
2018,Vince Edwards,SF,Wing,0,7.3,11.8,,52
2018,Anfernee Simons,,Default,,,,,53
2018,Arnoldas Kulboka,,Default,,,,,54
2018,Isaac Bonga,,Default,,,,,55
2018,Jarred Vanderbilt,,Default,,,,,56
2018,Michael Porter jr.,,Default,,,,,57
2018,Moe Wagner,,Default,,,,,58
2018,Rodions Kurucs,,Default,,,,,59
2018,Yusuf Sanon,,Default,,,,,60
2017,Lonzo Ball,PG,Guard,99.7,99.7,72.7,,1
2017,Zach Collins,C,Big,88.7,86.7,77.4,,2
2017,Markelle Fultz,PG,Guard,87.3,95,54.1,,3
2017,Bam Adebayo,C,Big,84.4,83.9,69.1,,4
2017,Justin Patton,C,Big,82.8,76.5,71.6,,5
2017,De'Aaron Fox,PG,Guard,74.9,87.1,56.2,,6
2017,Dennis Smith,PG,Guard,72.6,86.1,52,,7
2017,T.J. Leaf,C,Big,72.2,78.1,60.9,,8
2017,Donovan Mitchell,SG,Wing,71.4,65.9,72.2,,9
2017,Derrick White,PG,Guard,70.4,70.9,64.6,,10
2017,Jordan Bell,C,Big,69.8,55.8,85.5,,11
2017,Caleb Swanigan,C,Big,68.6,64.5,69.4,,12
2017,Tony Bradley,C,Big,68,70.9,60.5,,13
2017,Malik Monk,SG,Wing,67.5,86.3,32.5,,14
2017,OG Anunoby,SF,Wing,67.4,64.2,67.8,,15
2017,John Collins,C,Big,66.2,69,59.8,,16
2017,Jonathan Isaac,PF,Forward,65.9,68.1,60.4,,17
2017,Thomas Bryant,C,Big,65.3,63.7,64.9,,18
2017,Harry Giles,C,Big,64.8,62.1,66,,19
2017,Jayson Tatum,SF,Wing,63.2,63.6,61.7,,20
2017,Lauri Markkanen,PF,Forward,60.9,71.4,34.1,,21
2017,Jarrett Allen,C,Big,60.8,59.2,62.7,,22
2017,Josh Jackson,SF,Wing,60.6,57.6,63.6,,23
2017,Luke Kennard,SG,Wing,59.4,70.1,32.8,,24
2017,Josh Hart,SG,Wing,58.9,61.3,55.5,,25
2017,Isaiah Hartenstein,,Default,59.3,,,,26
2017,Ivan Rabb,C,Big,58,55.8,61.9,,27
2017,Jawun Evans,PG,Guard,57.2,63.5,45.4,,28
2017,Sindarius Thornwell,SG,Wing,57.2,47.4,68,,29
2017,D.J. Wilson,PF,Forward,56.9,62.2,48.2,,30
2017,Ike Anigbogu,C,Big,56.2,51,64.1,,31
2017,Kadeem Allen,SG,Wing,55.8,42.7,70.4,,32
2017,Nigel Williams-Goss,SG,Wing,54,52.9,60.1,,33
2017,Edmond Sumner,PG,Guard,52.1,43.6,65.7,,34
2017,Tyler Lydon,PF,Forward,51.1,47.9,61.1,,35
2017,Kyle Kuzma,C,Big,50.8,55.9,47.1,,36
2017,Monte Morris,PG,Guard,50,61,35,,37
2017,Justin Jackson,PF,Forward,47.2,45.1,58.2,,38
2017,Dillon Brooks,SG,Wing,46.5,56.3,36.3,,39
2017,Davon Reed,SG,Wing,46.4,46.2,54.4,,40
2017,Alpha Kaba,,Default,52.5,,,,41
2017,Semi Ojeleye,SF,Wing,45,56.7,31.9,,42
2017,Frank Mason,PG,Guard,42.5,49.1,39.9,,43
2017,Frank Jackson,SG,Wing,41.9,57.6,22.7,,44
2017,Alec Peters,PF,Forward,39.7,48.9,33.5,,45
2017,Dwayne Bacon,SG,Wing,39.5,48.1,34.5,,46
2017,Tyler Dorsey,SG,Wing,39.3,52.7,25.4,,47
2017,Mathias Lessort,,Default,49.1,,,,48
2017,Damyean Dotson,SF,Wing,38.5,50.3,27.9,,49
2017,Jaron Blossomgame,SF,Wing,37.4,46.6,32.2,,50
2017,Frank Ntilikina,,Default,47.1,,,,51
2017,Vlatko Cancar,,Default,46.5,,,,52
2017,Sterling Brown,SG,Wing,33.8,29.9,53.9,,53
2017,Terrance Ferguson,,Default,38.9,,,,54
2017,Jabari Bird,SG,Wing,17.8,32.2,11.8,,55
2017,Wesley Iwundu,SG,Wing,17.7,8.4,54.8,,56
2017,Anzejs Pasecniks,,Default,,,,,57
2017,Jonah Bolden,,Default,,,,,58
2017,Ognjen Jaramaz,,Default,,,,,59
2017,Sasha Vezenkov,,Default,,,,,60
2016,Ben Simmons,SF,Wing,91.2,88.3,85.6,,1
2016,Chinanu Onuaku,C,Big,77.5,64.6,87.1,,2
2016,Deyonta Davis,C,Big,77,70.4,73.9,,3
2016,Brandon Ingram,PF,Forward,75.2,75.5,66.9,,4
2016,Jakob Poeltl,C,Big,74.1,70.3,71.2,,5
2016,Denzel Valentine,PG,Guard,73.6,76.7,63.9,,6
2016,Kris Dunn,PG,Guard,71.8,60.1,85.4,,7
2016,Domantas Sabonis,C,Big,71.5,73.6,63,,8
2016,Dragan Bender,,Default,70.1,,,,9
2016,Pascal Siakam,C,Big,68.3,59.8,74.5,,10
2016,Brice Johnson,C,Big,67.8,62.1,71,,11
2016,Marquese Chriss,C,Big,66.9,63.5,67.7,,12
2016,Diamond Stone,C,Big,65.9,63.5,66.1,,13
2016,Ante Zizic,,Default,65.2,,,,14
2016,Wade Baldwin IV,PG,Guard,64.7,62.4,65.5,,15
2016,Buddy Hield,SG,Wing,63.9,69.4,50.4,,16
2016,Ivica Zubac,,Default,63.5,,,,17
2016,Skal Labissiere,C,Big,63,53.1,71.3,,18
2016,Patrick McCaw,SG,Wing,62.5,60.4,64.3,,19
2016,Jamal Murray,SG,Wing,62,80.4,22.6,,20
2016,Henry Ellenson,C,Big,61.9,59.9,63.9,,21
2016,Malik Beasley,SG,Wing,59,70.9,29.9,,22
2016,Tyler Ulis,PG,Guard,56.6,67.1,34.5,,23
2016,Taurean Prince,SF,Wing,56.3,55.3,60.6,,24
2016,Damian Jones,C,Big,55.9,49.8,64.7,,25
2016,Furkan Korkmaz,,Default,57.6,,,,26
2016,Jaylen Brown,SF,Wing,54.2,53.7,59.3,,27
2016,Cheick Diallo,,Default,56.7,,,,28
2016,Malcolm Brogdon,SG,Wing,53.3,56.6,51.7,,29
2016,Caris LeVert,SG,Wing,52.9,58.5,47.4,,30
2016,Isaiah Whitehead,PG,Guard,52.9,47.3,63.5,,31
2016,Juancho Hernangomez,,Default,56.2,,,,32
2016,Jake Layman,SF,Wing,49.7,48.9,57.2,,33
2016,A.J. Hammons,C,Big,48.6,36.3,67.9,,34
2016,Kay Felder,,Default,54.2,,,,35
2016,Marcus Paige,PG,Guard,48.2,54.4,43.6,,36
2016,Joel Bolomboy,C,Big,46.6,45,57.1,,37
2016,Demetrius Jackson,PG,Guard,44.9,52,40.1,,38
2016,Georges Niang,SF,Wing,44.5,53.4,36.8,,39
2016,Dejounte Murray,SG,Wing,44.1,45.2,50.6,,40
2016,Malachi Richardson,SG,Wing,43.9,43.3,53.8,,41
2016,Petr Cornelie,,Default,51.6,,,,42
2016,Daniel Hamilton,PF,Forward,43.4,42.8,53.4,,43
2016,Ben Bentil,PF,Forward,43.2,45,48.9,,44
2016,Guerschon Yabusele,,Default,49.1,,,,45
2016,DeAndre' Bembry,SG,Wing,37.3,37.4,48.7,,46
2016,Isaia Cordinier,,Default,44,,,,47
2016,Paul Zipser,,Default,44,,,,48
2016,Rade Zagorac,,Default,42.3,,,,49
2016,David Michineau,,Default,32.9,,,,50
2016,Isaiah Cousins,PG,Guard,26.7,29.6,37.6,,51
2016,Tyrone Wallace,SG,Wing,14.5,18.8,28.3,,52
2016,Stephen Zimmerman,C,Big,12.1,0,62.7,,53
2016,Abdel Nader,SG,Wing,10.8,15.1,26.1,,54
2016,George Papagiannis,,Default,,,,,55
2016,Michael Patrick Gbinije,,Default,,,,,56
2016,Thon Maker,,Default,,,,,57
2016,Timothe Luwawu-Cabarrot,,Default,,,,,58
2016,Zhelin Wang,,Default,,,,,59
2016,Zhou Qi,,Default,,,,,60
2015,Karl-Anthony Towns,C,Big,91.1,85,92.4,,1
2015,Delon Wright,PG,Guard,90.5,87.1,85.5,,2
2015,D'Angelo Russell,PG,Guard,85.6,92.5,54,,3
2015,Willie Cauley-Stein,C,Big,82.1,61.9,95,,4
2015,Myles Turner,C,Big,73.7,60,89.2,,5
2015,Jahlil Okafor,C,Big,72.4,74,64,,6
2015,Tyus Jones,PG,Guard,71.2,90.2,30.6,,7
2015,Frank Kaminsky,C,Big,70,65.6,70.3,,8
2015,Montrezl Harrell,C,Big,69.5,63.2,72.3,,9
2015,Trey Lyles,C,Big,68.7,69.5,63.4,,10
2015,Kristaps Porzingis,,Default,68.1,,,,11
2015,Kevon Looney,C,Big,68.5,62.2,72,,12
2015,Bobby Portis,C,Big,68.2,64.2,69.1,,13
2015,Justise Winslow,SG,Wing,67.6,65.3,66.7,,14
2015,Chris McCullough,C,Big,66.8,46.6,88.9,,15
2015,Cameron Payne,PG,Guard,65.9,72.5,49.5,,16
2015,Justin Anderson,SG,Wing,65.9,63.2,66.4,,17
2015,Stanley Johnson,SF,Wing,65.4,63.6,65.2,,18
2015,Richaun Holmes,C,Big,65.3,51.9,77.4,,19
2015,Dakari Johnson,C,Big,63.8,60.1,66.8,,20
2015,Jordan Mickey,C,Big,63.7,48.8,77.1,,21
2015,Emmanuel Mudiay,,Default,63.1,,,,22
2015,Jerian Grant,PG,Guard,62.8,68.4,49.3,,23
2015,Cedi Osman,,Default,62.7,,,,24
2015,Terry Rozier,SG,Wing,62.2,62.6,61.1,,25
2015,Arturas Gudaitis,,Default,61.8,,,,26
2015,Branden Dawson,C,Big,60.6,51.2,68.9,,27
2015,R.J. Hunter,SG,Wing,60.1,62.3,55.8,,28
2015,Marcus Eriksson,,Default,60.1,,,,29
2015,Rakeem Christmas,C,Big,59.7,42.2,75.1,,30
2015,Rondae Hollis-Jefferson,SF,Wing,58.7,47.6,69.6,,31
2015,Daniel Diez,,Default,58.4,,,,32
2015,Sam Dekker,SF,Wing,53.6,60.9,44,,33
2015,Devin Booker,SG,Wing,51.3,68.3,18.4,,34
2015,Norman Powell,SG,Wing,49.9,45.9,61.5,,35
2015,Jarell Martin,SF,Wing,48.2,50.3,51.2,,36
2015,Luka Mitrovic,,Default,53.3,,,,37
2015,Mario Hezonja,,Default,53.1,,,,38
2015,Josh Richardson,SG,Wing,45.1,42.1,58.7,,39
2015,Larry Nance jr.,SF,Wing,45,30.6,68.7,,40
2015,Pat Connaughton,PF,Forward,44.6,52.4,38.7,,41
2015,Andrew Harrison,PG,Guard,44.1,47,47.4,,42
2015,Rashad Vaughn,SG,Wing,44.1,63.5,14.1,,43
2015,Kelly Oubre jr.,SF,Wing,43.9,39.1,60.6,,44
2015,Marcus Thornton,SG,Wing,42.2,55.7,27,,45
2015,Nikola Radicevic,,Default,49.9,,,,46
2015,J.P. Tokoto,SG,Wing,39.3,32.9,60.8,,47
2015,Tyler Harvey,SG,Wing,39.2,55.7,19.8,,48
2015,Anthony Brown,SG,Wing,38.9,44.8,38.9,,49
2015,Olivier Hanlan,PG,Guard,36.9,52.8,19.5,,50
2015,Aaron White,SF,Wing,36.2,39,43.3,,51
2015,Nikola Milutinov,,Default,46.5,,,,52
2015,Darrun Hilliard,SG,Wing,31.1,32.5,42.9,,53
2015,Cady Lalanne,C,Big,27.4,25.4,47.1,,54
2015,Joe Young,SG,Wing,20.1,37.1,8.3,,55
2015,Dimitrios Agravanis,,Default,,,,,56
2015,Dom Pointer,,Default,,,,,57
2015,Juan Vaulet,,Default,,,,,58
2015,Satnam Singh,,Default,,,,,59
2015,Willy Hernangomez,,Default,,,,,60
2014,Joel Embiid,C,Big,91.1,78.4,95.3,,1
2014,Marcus Smart,PG,Guard,87.5,86.2,73.7,,2
2014,Tyler Ennis,PG,Guard,86.5,90.2,63.8,,3
2014,Jordan Adams,SG,Wing,79.4,87.6,60.6,,4
2014,Noah Vonleh,C,Big,79,62.5,91.4,,5
2014,Julius Randle,C,Big,76.3,79.5,65.7,,6
2014,Kyle Anderson,SF,Wing,71.6,60.4,84,,7
2014,Clint Capela,,Default,70.1,,,,8
2014,Gary Harris,SG,Wing,70.3,85.1,47.4,,9
2014,Dante Exum,,Default,69.1,,,,10
2014,Jusuf Nurkic,,Default,69.1,,,,11
2014,Andrew Wiggins,SF,Wing,68.2,69.5,62.6,,12
2014,Nikola Jokic,,Default,67.1,,,,13
2014,Aaron Gordon,SF,Wing,67.2,62.9,68.9,,14
2014,Jarnell Stokes,C,Big,66.1,62.2,68.1,,15
2014,Shabazz Napier,PG,Guard,63.4,65.4,59.5,,16
2014,Nik Stauskas,SG,Wing,62.3,73.2,34.4,,17
2014,Adreian Payne,PF,Forward,61.5,53,69,,18
2014,Elfrid Payton,PG,Guard,60.9,54.8,66.5,,19
2014,T.J. Warren,SF,Wing,60,66.7,43.5,,20
2014,K.J. McDaniels,PF,Forward,58.6,46.9,70,,21
2014,Jabari Parker,C,Big,57.8,57.7,60.3,,22
2014,Lamar Patterson,PG,Guard,57.1,55.7,61,,23
2014,James Young,SG,Wing,56.8,68.7,30.7,,24
2014,Russ Smith,PG,Guard,55.8,58.2,54.7,,25
2014,Doug McDermott,PF,Forward,55.6,70.6,22.8,,26
2014,Rodney Hood,SF,Wing,54.8,62.5,42.5,,27
2014,Spencer Dinwiddie,PG,Guard,53.9,61.5,43.1,,28
2014,Nick Johnson,SG,Wing,53.8,51.9,60.7,,29
2014,Cory Jefferson,C,Big,53.5,48.5,63.2,,30
2014,Jerami Grant,C,Big,52.9,47.6,63.3,,31
2014,Damien Inglis,,Default,55.9,,,,32
2014,Alec Brown,C,Big,50.5,40,67,,33
2014,C.J. Wilcox,SG,Wing,49.9,59.3,38.7,,34
2014,Cleanthony Early,PF,Forward,49,55.2,44,,35
2014,Jordan McRae,SG,Wing,48.6,52.1,48.6,,36
2014,Dwight Powell,SF,Wing,48.5,40.3,64.5,,37
2014,Cameron Bairstow,C,Big,48,42.5,62.1,,38
2014,Markel Brown,SG,Wing,46.8,44.4,58.7,,39
2014,Joe Harris,SG,Wing,45,50.1,43.8,,40
2014,Devyn Marble,,Default,50.8,,,,41
2014,Thanasis Antetokounmpo,,Default,50.8,,,,42
2014,Vasilije Micic,,Default,50.8,,,,43
2014,Jordan Clarkson,SG,Wing,41.2,51.5,32.5,,44
2014,Zach LaVine,SG,Wing,41,48.7,37,,45
2014,Dario Saric,,Default,50.1,,,,46
2014,Louis Labeyrie,,Default,48.2,,,,47
2014,P.J. Hairston,SG,Wing,36.6,47.4,28.7,,48
2014,Xavier Thames,PG,Guard,35.1,41.7,35.7,,49
2014,Mitch McGary,C,Big,33.1,26.3,59.1,,50
2014,Glenn Robinson,SG,Wing,32.4,43.1,26.7,,51
2014,Josh Huestis,C,Big,32.1,31.9,46.3,,52
2014,Semaj Christon,PG,Guard,30.7,39.9,28.4,,53
2014,Alessandro Gentile,,Default,38,,,,54
2014,Bogdan Bogdanovic,,Default,38.1,,,,55
2014,Nemanja Dangubic,,Default,35.5,,,,56
2014,DeAndre Daniels,PF,Forward,23.6,20.2,47.6,,57
2014,Johnny O'Bryant,C,Big,0,0,28.1,,58
2014,Bruno Caboclo,,Default,,,,,59
2014,Edy Tavares,,Default,,,,,60
2013,Nerlens Noel,C,Big,95,84,98.1,,1
2013,Steven Adams,C,Big,82.9,71.7,78.2,,2
2013,Ben McLemore,SG,Wing,77.4,89,52.6,,3
2013,Trey Burke,PG,Guard,77.1,91.8,41.1,,4
2013,Victor Oladipo,SG,Wing,74.6,70.1,72.3,,5
2013,Gorgui Dieng,C,Big,74.3,58.8,91.6,,6
2013,Cody Zeller,C,Big,74,72,69,,7
2013,Alex Len,C,Big,73.8,66.4,76.1,,8
2013,Otto Porter,SF,Wing,73.4,71.6,68.5,,9
2013,Michael Carter-Williams,PG,Guard,70.4,62,75.4,,10
2013,Kentavious Caldwell-Pope,SG,Wing,68.8,72.1,60.3,,11
2013,Jeff Withey,C,Big,68.2,52.1,86.2,,12
2013,Andre Roberson,C,Big,66.5,56.4,74.3,,13
2013,Mason Plumlee,C,Big,65.2,59.9,69.4,,14
2013,Kelly Olynyk,C,Big,63.3,62.8,62.8,,15
2013,Shane Larkin,PG,Guard,62.9,70.3,44.5,,16
2013,Sergey Karasev,,Default,62.7,,,,17
2013,C.J. McCollum,SG,Wing,62.5,71.4,40,,18
2013,Mike Muscala,C,Big,62.4,57.5,66.8,,19
2013,Jamaal Franklin,SF,Wing,61.5,56.4,66.2,,20
2013,Tony Mitchell,C,Big,61,52.7,68.4,,21
2013,Lucas Nogueira,,Default,60.1,,,,22
2013,Rudy Gobert,,Default,60.1,,,,23
2013,James Ennis,SF,Wing,59.4,52.7,66.1,,24
2013,Reggie Bullock,SG,Wing,59.3,62.8,52.3,,25
2013,Anthony Bennett,PF,Forward,58.5,63.5,48.7,,26
2013,Grant Jerrett,C,Big,57.5,58.6,58.3,,27
2013,Marko Todorovic,,Default,58.4,,,,28
2013,Nate Wolters,PG,Guard,55.6,67.5,30.9,,29
2013,Alex Abrines,,Default,57.6,,,,30
2013,Allen Crabbe,SG,Wing,54.5,60.2,47.9,,31
2013,Ray McCallum,SG,Wing,54.3,58.5,50.8,,32
2013,Ryan Kelly,PF,Forward,53.8,50.1,62.2,,33
2013,Pierre Jackson,PG,Guard,53,68.5,22.3,,34
2013,Peyton Siva,PG,Guard,53,43.3,66.9,,35
2013,Erick Green,PG,Guard,53,58.3,47.9,,36
2013,Solomon Hill,SG,Wing,52.6,51.5,59.5,,37
2013,Bojan Dubljevic,,Default,55.9,,,,38
2013,Erik Murphy,C,Big,51.6,51.5,57.1,,39
2013,Tony Snell,PG,Guard,51.4,58.2,44.4,,40
2013,Tim Hardaway Jr.,SG,Wing,50.9,61.9,34.8,,41
2013,Giannis Antetokounmpo,,Default,54.6,,,,42
2013,Carrick Felix,SF,Wing,48.5,45.6,60.1,,43
2013,Lorenzo Brown,PG,Guard,47.2,42.9,61.1,,44
2013,Dennis Schroder,,Default,53.4,,,,45
2013,Colton Iverson,C,Big,44.5,38,62.1,,46
2013,Shabazz Muhammad,SF,Wing,44,60.4,22.5,,47
2013,Isaiah Canaan,PG,Guard,42.5,54.5,29.8,,48
2013,Joffrey Lauvergne,,Default,50.8,,,,49
2013,Archie Goodwin,SG,Wing,41.7,48.4,39.2,,50
2013,Livio Jean-Charles,,Default,49.1,,,,51
2013,Arsalan Kazemi,C,Big,38.7,28.3,63.9,,52
2013,Deshaun Thomas,SF,Wing,38.5,51.7,25.6,,53
2013,Glen Rice,SF,Wing,33.7,28.5,56.4,,54
2013,Alex Oriakhi,C,Big,31.9,26.6,55.5,,55
2013,Nemanja Nedovic,,Default,42.3,,,,56
2013,Romero Osby,C,Big,25.8,28.7,37.3,,57
2013,Janis Timma,,Default,,,,,58
2013,Raulzinho Neto,,Default,,,,,59
2013,Ricky Ledo,,Default,,,,,60
2012,Anthony Davis,C,Big,100,90.8,100,,1
2012,Andre Drummond,C,Big,82.4,73,74.5,,2
2012,Dion Waiters,PG,Guard,82.1,76.8,71.1,,3
2012,Thomas Robinson,C,Big,81.7,74.3,72.4,,4
2012,Michael Kidd-Gilchrist,SF,Wing,75.8,81.3,64.5,,5
2012,Bradley Beal,SG,Wing,72.5,73.9,64.2,,6
2012,John Henson,C,Big,71.3,61.2,80.9,,7
2012,Terrence Jones,C,Big,71.3,65.5,72.6,,8
2012,Meyers Leonard,C,Big,70.2,63.5,73.2,,9
2012,Jared Sullinger,C,Big,69.3,71.4,62.2,,10
2012,Damian Lillard,PG,Guard,68,81.8,43,,11
2012,Fab Melo,C,Big,67.7,51.7,85.5,,12
2012,Jeremy Lamb,SG,Wing,66.7,74.6,46.7,,13
2012,Bernard James,C,Big,65.9,51.9,79.3,,14
2012,Jae Crowder,SG,Wing,64.1,61.6,65.5,,15
2012,Royce White,SF,Wing,63.2,58.2,67.4,,16
2012,Andrew Nicholson,C,Big,63.2,62.6,62.8,,17
2012,Draymond Green,PF,Forward,61.4,54.4,67.7,,18
2012,Maurice Harkless,SF,Wing,61.4,61.8,60.8,,19
2012,Tyler Zeller,C,Big,60.6,57.8,63.5,,20
2012,Festus Ezeli,C,Big,60.2,48.8,70.3,,21
2012,Terrence Ross,SF,Wing,59.1,62.6,52.4,,22
2012,Harrison Barnes,SF,Wing,58.7,68.7,35,,23
2012,Quincy Acy,C,Big,58.5,48,69,,24
2012,Will Barton,SF,Wing,58.1,55.3,62.6,,25
2012,John Jenkins,SG,Wing,57.4,70.7,26.7,,26
2012,Jared Cunningham,SG,Wing,56.8,45,69.6,,27
2012,Furkan Aldemir,,Default,58.4,,,,28
2012,Arnett Moultrie,C,Big,56.2,53,62.3,,29
2012,Kendall Marshall,PG,Guard,54,60.2,46.9,,30
2012,Miles Plumlee,C,Big,53.7,48.1,63.7,,31
2012,Kyle O'Quinn,C,Big,53.3,51.3,60.6,,32
2012,Quincy Miller,C,Big,53,57.6,49.3,,33
2012,Robbie Hummel,PF,Forward,52.5,56.5,50,,34
2012,Tony Wroten,PG,Guard,52.2,52,57.7,,35
2012,Tyshawn Taylor,PG,Guard,50.4,49,58.6,,36
2012,Austin Rivers,SG,Wing,49.7,65.5,22.1,,37
2012,Kostas Papanikolaou,,Default,54.2,,,,38
2012,Perry Jones,C,Big,48.4,48.6,54.6,,39
2012,Kris Joseph,SG,Wing,47.9,45.5,59.2,,40
2012,Mike Scott,C,Big,46.6,50.7,46.6,,41
2012,Darius Miller,SF,Wing,46.6,46.5,54.3,,42
2012,Kim English,SG,Wing,45.6,52.6,40.8,,43
2012,Khris Middleton,SF,Wing,45.4,50.6,44,,44
2012,Orlando Johnson,SG,Wing,45.2,54.4,36.6,,45
2012,Evan Fournier,,Default,52.1,,,,46
2012,Tomas Satoransky,,Default,51.6,,,,47
2012,Darius Johnson-Odom,SG,Wing,41.3,53.6,28.7,,48
2012,Doron Lamb,SG,Wing,41,56.1,23.4,,49
2012,Marcus Denmon,SG,Wing,40.7,50.3,33.2,,50
2012,Tornike Shengelia,,Default,48.2,,,,51
2012,Marquis Teague,PG,Guard,36.5,44.3,34.1,,52
2012,Tomislav Zubcic,,Default,47.4,,,,53
2012,Justin Hamilton,C,Big,34.5,30.5,54.6,,54
2012,Jeffery Taylor,SG,Wing,33.4,36.5,41,,55
2012,Robert Sacre,C,Big,31.6,25.2,57.5,,56
2012,Kevin Murphy,SG,Wing,27.9,39.5,22.5,,57
2012,Ilkan Karaman,,Default,,,,,58
2012,Izzet Turkyilmaz,,Default,,,,,59
2012,Ognen Kuzmic,,Default,,,,,60
2011,Kyrie Irving,PG,Guard,96,100,58,,1
2011,Tristan Thompson,C,Big,87.8,73.8,89,,2
2011,Derrick Williams,SF,Wing,79.8,87,61.9,,3
2011,Kawhi Leonard,C,Big,74.3,67.4,75,,4
2011,Nikola Mirotic,,Default,70.3,,,,5
2011,Kemba Walker,PG,Guard,70.2,79.4,53.6,,6
2011,Markieff Morris,C,Big,69.9,63.7,72.4,,7
2011,Jonas Valanciunas,,Default,68.6,,,,8
2011,Alec Burks,SG,Wing,67,79.7,41.5,,9
2011,Kenneth Faried,C,Big,66.1,51.8,80.2,,10
2011,Klay Thompson,SG,Wing,65.8,68.2,60.2,,11
2011,Chris Singleton,PF,Forward,65.6,45,88.1,,12
2011,Iman Shumpert,SG,Wing,65.3,53.3,74.9,,13
2011,Nikola Vucevic,C,Big,65.3,59.7,69.7,,14
2011,Bismack Biyombo,,Default,64.4,,,,15
2011,Reggie Jackson,PG,Guard,63.3,65.5,58.7,,16
2011,Brandon Knight,SG,Wing,63,84.3,22.3,,17
2011,MarShon Brooks,SG,Wing,61.9,61.2,62.4,,18
2011,Nolan Smith,PG,Guard,61.3,66.7,48.2,,19
2011,Marcus Morris,C,Big,61.2,58.7,63.7,,20
2011,Tobias Harris,C,Big,61.1,63.9,55.1,,21
2011,Jordan Williams,C,Big,60.7,59.3,62.5,,22
2011,Norris Cole,PG,Guard,60.2,66.4,45.1,,23
2011,JaJuan Johnson,C,Big,60.2,50.8,68.5,,24
2011,Trey Thompkins,,Default,60.1,,,,25
2011,Travis Leslie,SG,Wing,59,56,62.9,,26
2011,Milan Macvan,,Default,59.3,,,,27
2011,Keith Benson,C,Big,56.9,46.1,68.8,,28
2011,Jimmer Fredette,PG,Guard,56.5,70.6,24.7,,29
2011,Charles Jenkins,PG,Guard,56.4,61.2,49.8,,30
2011,Tyler Honeycutt,PF,Forward,54.7,44,68.2,,31
2011,Jordan Hamilton,PF,Forward,52.9,60.5,43.3,,32
2011,Darius Morris,PG,Guard,51.4,55.1,50,,33
2011,Kyle Singler,SF,Wing,50.7,51.1,55.6,,34
2011,Josh Harrellson,C,Big,48.9,43,62.7,,35
2011,Cory Joseph,SG,Wing,48.6,60.2,33.7,,36
2011,Jan Vesely,,Default,54.2,,,,37
2011,Chandler Parsons,PF,Forward,48.3,49.3,53.2,,38
2011,Jon Leuer,C,Big,47.7,52.1,46.7,,39
2011,Jon Diebler,SG,Wing,47.4,56.9,37.1,,40
2011,Justin Harper,PF,Forward,47,50.3,48.2,,41
2011,Andrew Goudelock,PG,Guard,46.6,60.4,28.6,,42
2011,Jimmy Butler III,SG,Wing,46.3,49.1,48.9,,43
2011,Shelvin Mack,SG,Wing,46.2,55.9,36.3,,44
2011,E'Twaun Moore,SG,Wing,46.2,49.9,47,,45
2011,Donatas Motiejunas,,Default,52.5,,,,46
2011,DeAndre Liggins,SG,Wing,43,37.5,60.9,,47
2011,Malcolm Lee,SG,Wing,42.6,50.6,37.2,,48
2011,Isaiah Thomas,PG,Guard,38.3,49.2,29.5,,49
2011,Lavoy Allen,C,Big,37.8,35.5,53.3,,50
2011,Bojan Bogdanovic,,Default,45.7,,,,51
2011,Josh Selby,SG,Wing,31.3,41.7,26.4,,52
2011,Vernon Macklin,C,Big,27.5,32.3,34.7,,53
2011,Adam Hanga,,Default,,,,,54
2011,Ater Majok,,Default,,,,,55
2011,Chu Maduabum,,Default,,,,,56
2011,Davis Bertans,,Default,,,,,57
2011,Enes Freedom,,Default,,,,,58
2011,Jeremy Tyler,,Default,,,,,59
2011,Tanguy Ngombo,,Default,,,,,60
2010,DeMarcus Cousins,C,Big,91.1,87.6,86.5,,1
2010,Derrick Favors,C,Big,89.3,83.3,87.2,,2
2010,John Wall,PG,Guard,89,91.6,68.1,,3
2010,Greg Monroe,C,Big,86.4,73.4,85,,4
2010,Evan Turner,SF,Wing,85,72.8,78.2,,5
2010,Cole Aldrich,C,Big,80.5,65.5,88.3,,6
2010,Ekpe Udoh,C,Big,73.6,61.6,86.7,,7
2010,Paul George,SF,Wing,72.2,67.7,71.2,,8
2010,Al-Farouq Aminu,C,Big,70.6,63.7,73.6,,9
2010,Gordon Hayward,PF,Forward,69.7,70.8,63.5,,10
2010,Wesley Johnson,PF,Forward,67.8,63.2,69.5,,11
2010,Xavier Henry,SG,Wing,66.3,68.2,61,,12
2010,Patrick Patterson,C,Big,66.2,66.7,62.6,,13
2010,Hassan Whiteside,C,Big,65.4,44.7,88.2,,14
2010,Jarvis Varnado,C,Big,65.4,47.6,85.2,,15
2010,Daniel Orton,C,Big,65.4,50.3,80.5,,16
2010,Larry Sanders,C,Big,64.7,52.7,74.3,,17
2010,Trevor Booker,SF,Wing,64,56.6,70,,18
2010,James Anderson,SG,Wing,63.8,71.7,43.7,,19
2010,Dominique Jones,SG,Wing,61.1,65.3,51.5,,20
2010,Jordan Crawford,SG,Wing,61,67.3,45.7,,21
2010,Greivis Vasquez,PG,Guard,60.9,63.7,54.9,,22
2010,Dexter Pittman,C,Big,60.9,56.2,65.3,,23
2010,Damion James,C,Big,60.2,56.3,64.1,,24
2010,Devin Ebanks,SF,Wing,59,57.5,61.6,,25
2010,Andy Rautins,PG,Guard,58.8,58,61,,26
2010,Solomon Alabi,C,Big,58.5,41.2,74.6,,27
2010,Ed Davis,C,Big,58.3,46.8,69.8,,28
2010,Jerome Jordan,C,Big,57.8,47.6,68.5,,29
2010,Derrick Caracter,C,Big,53.4,46.6,64.6,,30
2010,Lazar Hayward,SF,Wing,51.5,57.8,45.2,,31
2010,Luke Babbitt,SF,Wing,50.5,59.8,39.3,,32
2010,Darington Hobson,SF,Wing,50.5,49.3,58.4,,33
2010,Avery Bradley,SG,Wing,49.4,55.8,44,,34
2010,Gani Lawal,C,Big,48.6,46.8,58.5,,35
2010,Craig Brackins,C,Big,48,53.9,44.2,,36
2010,Armon Johnson,PG,Guard,47.8,58.6,35.2,,37
2010,Lance Stephenson,SG,Wing,47.4,56,38.8,,38
2010,Willie Warren,PG,Guard,46.2,60,28.5,,39
2010,Eric Bledsoe,SG,Wing,45,49,46,,40
2010,Luke Harangody,C,Big,44.5,54.9,34.1,,41
2010,Terrico White,SG,Wing,43.2,59.1,23.3,,42
2010,Quincy Pondexter,SF,Wing,38.5,45.2,37.3,,43
2010,Stanley Robinson,SF,Wing,37.9,41,43.5,,44
2010,Landry Fields,SF,Wing,36.8,39.2,44.1,,45
2010,Jeremy Evans,C,Big,36,32.5,54.6,,46
2010,Hamady Ndiaye,C,Big,34.8,22.2,64.8,,47
2010,Elliot Williams,SG,Wing,34.7,43.4,31.4,,48
2010,Tiny Gallon,C,Big,34.6,37.9,41.5,,49
2010,Magnum Rolle,C,Big,33.8,29.5,54.7,,50
2010,Da'Sean Butler,SG,Wing,33.4,39.4,35.7,,51
2010,Dwayne Collins,C,Big,28.2,27.9,44.3,,52
2010,Ryan Reid,C,Big,22.4,19.4,45.9,,53
2010,Kevin Seraphin,,Default,,,,,54
2010,Latavious Williams,,Default,,,,,55
2010,Nemanja Bjelica,,Default,,,,,56
2010,Pape Sy,,Default,,,,,57
2010,Paulao Prestes,,Default,,,,,58
2010,Ryan Richards,,Default,,,,,59
2010,Tibor Pleiss,,Default,,,,,60
